"CTstrict","Samples","Clusters","n_cells","max_clonalFrequency","mean_MKI67"
"TRAV4.TRAJ13.TRAC;TRAV3.TRAJ6.TRAC;TGCCTCGTGGGTGCCCCCTCTGGGGGTTACCAGAAAGTTACCTTT;TGTGCTGTGAGAGACGCGACATCAGGAGGAAGCTACATACCTACATTT_TRBV15.NA.TRBJ2-5.TRBC2;TGTGCCACCAGCAGAGATCGAATACTAGCGGGTCCACAAGAGACCCAGTACTTC","CP003_2m_001A;CP003_2m_001B","2;5;7",60,48,1.56144927637403
"TRAV8-1.TRAJ23.TRAC;TGTGCCGTGAATGCGCGGAACCAGGGAGGAAAGCTTATCTTC_TRBV30.NA.TRBJ1-2.TRBC1;TGTGCCTGGGCCCAGGGGTTCGATTCCTCCACCTTC","CP003_2m_001A;CP003_2m_001B","3;7;8",20,44,1.38241665311502
"TRAV8-1.TRAJ9.TRAC;TGTGCCGTGAAAGATACTGGAGGCTTCAAAACTATCTTT_TRBV4-1.NA.TRBJ2-3.TRBC2;TGCGCCAGCAGCCAAGATGGGGATACGCAGTATTTT","CP003_2m_001A;CP003_2m_001B","3;5;7",36,40,1.57434036822642
"TRAV8-1.TRAJ33.TRAC;TGTGCCGTGACCCCGGATAGCAACTATCAGTTAATCTGG_TRBV14.NA.TRBJ1-4.TRBC1;TGTGCCAGCAGCCGTTTTCAGGGGGCGAGTGAAAAACTGTTTTTT","CP003_2m_001A;CP003_2m_001B","2;5;7",47,38,1.66332674947575
"TRAV8-3.TRAJ29.TRAC;TGTGCTGTGGACCCAGGAAACACACCTCTTGTCTTT_TRBV2.NA.TRBJ2-7.TRBC2;TGTGCCAGCGGTGGAGACCCAGGTGGCTCGGGGACTCACTACGAGCAGTACTTC","CP003_2m_001A;CP003_2m_001B","2;5;7",33,32,1.75525506469433
"TRAV3.TRAJ6.TRAC;TGTGCTGTGAGAGATTCCACGGACGGAGGAAGCTACATACCTACATTT_TRBV5-1.TRBD1.TRBJ2-7.TRBC2;TGCGCCAGCAGCCTAATGACAGGGGACTCCTACGAGCAGTACTTC","CP003_2m_001A;CP003_2m_001B","2;5;7",47,31,1.51256016056432
"TRAV19.TRAJ31.TRAC;TGTGCTCTGAGTGAGGCGATATACAATGCCAGACTCATGTTT_TRBV27.NA.TRBJ1-1.TRBC1;TGTGCCAGCAGCCACACAGGTGGGGTGATGAACACTGAAGCTTTCTTT","CP003_2m_001A;CP003_2m_001B","3;7;8",13,27,1.11217137963929
"TRAV17.TRAJ28.TRAC;TGTGCTACGGTCCTGTTGGAAAGGGCTGGGAGTTACCAACTCACTTTC_TRBV30.TRBD1.TRBJ1-3.TRBC1;TGTGCCTGCGTGAGGGGGCTTGAAACCATATATTTT","CP003_2m_001A;CP003_2m_001B","7;8",7,27,1.08274544309034
"TRAV1-1.TRAJ36.TRAC;TGCGCTGTGAGAGATAGGACTGGGGCAAACAACCTCTTCTTT_TRBV10-3.NA.TRBJ1-6.TRBC1;TGTGCCATCAGTGAGTACGGGGCGGAAAATTCACCCCTCCACTTT","CP003_2m_001A;CP003_2m_001B","4;7",5,27,1.65596090897736
"TRAV41.TRAJ53.TRAC;TGTGCTGTCGTGGAAAGTGGAGGTAGCAACTATAAACTGACATTT_TRBV11-2.NA.TRBJ2-2.TRBC2;TGTGCCAGCAGCCCCAGACTGACCGGGGAGCTGTTTTTT","CP003_2m_001A;CP003_2m_001B","2;3;5;7",18,25,1.22005881692102
"TRAV26-1.TRAJ50.TRAC;TRAV38-1.TRAJ52.TRAC;TGCATCGTCAGATTCTACGACAAGGTGATATTT;TGTGCTTTCATGATTGCTGGTGGTACTAGCTATGGAAAGCTGACATTT_TRBV30.NA.TRBJ1-1.TRBC1;TGTGCCTGGAAGACAGGGGGGAGGAACACTGAAGCTTTCTTT","CP003_2m_001A;CP003_2m_001B","8",5,23,0.676836597638398
"TRAV1-2.TRAJ6.TRAC;TGTGCTGTGACCCCACCGAGCTACATACCTACATTT_TRBV19.NA.TRBJ2-5.TRBC2;TGTGCCAGTATGGGACCCTCTAGCGGGGGGGCCCGGGAGACCCAGTACTTC","CP003_2m_001A;CP003_2m_001B","2;5;7",24,19,1.72511081044546
"TRAV8-3.TRAJ10.TRAC;TGTGCTGTGGGTGCGGCGGGAGGAGGAAACAAACTCACCTTT_TRBV28.NA.TRBJ1-1.TRBC1;TGTGCCAGCAGCCTCCCCGGGACTTTGAACACTGAAGCTTTCTTT","CP003_2m_001A;CP003_2m_001B","10;7",14,19,1.29506617037575
"TRAV35.TRAJ52.TRAC;TGTGCTGGGCAGGAGTGGGGTGGTACTAGCTATGGAAAGCTGACATTT_TRBV30.NA.TRBJ2-5.TRBC2;TGTGCCTGGATCCGTCCAAGCGACGAGACCCAGTACTTC","CP003_2m_001A;CP003_2m_001B","4",2,16,1.10913937342801
"TRAV8-3.TRAJ17.TRAC;TGTGCTGTGGGTGAGGCAAAAGCTGCAGGCAACAAGCTAACTTTT_TRBV30.NA.TRBJ1-2.TRBC1;TGTGCCTGGAGTCCCGGGACAGTGGGGAGTGGCTATGGCTACACCTTC","CP003_2m_001A;CP003_2m_001B","3;7",12,15,1.19072144026936
"TRAV8-1.TRAJ9.TRAC;TGTGCCGTGAAGGATACTGGAGGCTTCAAAACTATCTTT_TRBV4-1.NA.TRBJ2-3.TRBC2;TGCGCCAGCAGCCCTGAGGGAGATACGCAGTATTTT","CP003_101m_003;CP003_101m_004","7",5,15,1.53047634254662
"TRAV3.TRAJ29.TRAC;TGTGCTGTGAGACCATTTTCAGGAAACACACCTCTTGTCTTT_TRBV24-1.TRBD1.TRBJ2-1.TRBC2;TGTGCCACCAGTGAGCCCAACAGGGGGCCTGAGGATGAGCAGTTCTTC","CP003_2m_001A;CP003_2m_001B","2;5;7",14,14,1.31585683169004
"TRAV13-2.TRAJ39.TRAC;TGTGCAGAGAATGATAATGCAGGCAACATGCTCACCTTT_TRBV9.NA.TRBJ2-7.TRBC2;TGTGCCAGCAGCGTAGCTGAGCGGCCGTACGAGCAGTACTTC","CP003_2m_001A;CP003_2m_001B","10;7;8",15,12,1.63567042497798
"TRAV22.TRAJ16.TRAC;TGTGCTGTGGAGCTTTGGGGCCAGAAGCTGCTCTTT_TRBV2.NA.TRBJ2-7.TRBC2;TGTGCCAGCAGGGACTCCTACGAGCAGTACTTC","CP003_2m_001A;CP003_2m_001B","5;7",10,12,1.67635591303909
"NA;NA_TRBV4-1.NA.TRBJ2-3.TRBC2;TGCGCCAGCAGCCCTGAGGGAGATACGCAGTATTTT","CP003_101m_003","7",1,12,2.35917480037024
"TRAV1-2.TRAJ21.TRAC;TGTGCTGTGAGAGATAGAAACAACTTCAACAAATTTTACTTT_TRBV6-5.TRBD1.TRBJ2-3.TRBC2;TGTGCCAGCAGTTCCCTGAGCGGGGGGGGGGGCACAGATACGCAGTATTTT","CP003_2m_001A;CP003_2m_001B","2;5;7",18,11,1.61898363442582
"TRAV1-2.TRAJ21.TRAC;TGTGCTGTGAGAGATCGGAACAACTTCAACAAATTTTACTTT_TRBV15.NA.TRBJ2-1.TRBC2;TGTGCCACCAGCAGAGACCTAGATGAGCAGTTCTTC","CP003_2m_001A;CP003_2m_001B","2;5;7",13,10,1.25834311458924
"TRAV1-1.TRAJ36.TRAC;TGCGCTGTACCAGGGCGGACTGGGGCAAACAACCTCTTCTTT_TRBV20-1.TRBD1.TRBJ2-3.TRBC2;TGCAGTGCTAGGGAGATTGGGCAAGGTACGCCAGATACGCAGTATTTT","CP003_2m_001A;CP003_2m_001B","2;5;7",10,10,1.93872330081174
"TRAV2.TRAJ16.TRAC;TGTGCTGTGGAGGATCCAAAATCAGATGGCCAGAAGCTGCTCTTT_TRBV28.NA.TRBJ2-3.TRBC2;TGTGCCAGCACCCCTTTACCCCGAGGGATTAGCACAGATACGCAGTATTTT","CP003_2m_001A;CP003_2m_001B","10;2;5;8",4,10,1.03449181712034
"TRAV25.TRAJ28.TRAC;TGTGTCCGGGGGTCTGGGGCTGGGAGTTACCAACTCACTTTC_TRBV30.NA.TRBJ2-2.TRBC2;TGTGCCTGGAGATATACCGGGGAGCTGTTTTTT","CP003_2m_001A;CP003_2m_001B","4;7",4,10,1.15714411814233
"TRAV17.TRAJ23.TRAC;TGTGCTACGGTCCAATATTATAACCAGGGAGGAAAGCTTATCTTC_TRBV9.NA.TRBJ1-4.TRBC1;TGTGCCAGCAGCGCCGGACGCCTTAATGAAAAACTGTTTTTT","CP003_2m_001A;CP003_2m_001B","4",3,10,0.421806970098278
"TRAV8-3.TRAJ28.TRAC;TGTGCTGTGGGGGCATACTCTGGGGCTGGGAGTTACCAACTCACTTTC_TRBV7-8.NA.TRBJ2-2.TRBC2;TGTGCCAGCAGCCCCCCGGGTAGCGGGGGTCCCGGGGAGCTGTTTTTT","CP003_2m_001A;CP003_2m_001B","3;7",8,9,1.42772286526884
"TRAV8-3.TRAJ4.TRAC;TGTGCTGTGGCCCCCTTTTCTGGTGGCTACAATAAGCTGATTTTT_TRBV7-2.NA.TRBJ2-3.TRBC2;TGTGCCAGCAGCTTCCTATACGACCCGCCCGCAGATACGCAGTATTTT","CP003_2m_001A;CP003_2m_001B","2;3",8,9,1.03639010973331
"TRAV21.TRAJ43.TRAC;TGTGCTGTGAAGAGTGACAATAACAATGACATGCGCTTT_TRBV12-4.NA.TRBJ2-3.TRBC2;TGTGCCAGCACCAAGGGGGCTCCAGATACGCAGTATTTT","CP003_2m_001A;CP003_2m_001B","4;8",2,9,0.698909034820603
"TRAV16.TRAJ39.TRAC;TGTGCTCTAAGTGGGAATGCAGGCAACATGCTCACCTTT_TRBV9.NA.TRBJ2-2.TRBC2;TGTGCCAGCAGCGTAGCAGACACCGGGGAGCTGTTTTTT","CP003_2m_001A;CP003_2m_001B","2;7",2,8,1.26686608404536
"TRAV3.TRAJ6.TRAC;TGTGCTGTGAGAGACAGGACATCAGGAGGAAGCTACATACCTACATTT_TRBV7-9.NA.TRBJ2-1.TRBC2;TGTGCCAGCAGCTTACAGGGAGATGAGCAGTTCTTC","CP003_101m_003;CP003_2m_001B","2;7",9,7,2.15005395188386
"TRAV1-2.TRAJ21.TRAC;TGTGCTGTGAGAGATAGAAACAACTTCAACAAATTTTACTTT_TRBV6-5.NA.TRBJ2-3.TRBC2;TGTGCCAGCAGTTCCCTGAGCGGGGGGGGCACAGATACGCAGTATTTT","CP003_2m_001A;CP003_2m_001B","5;7",8,7,1.58264652706138
"TRAV17.TRAJ52.TRAC;TRAV38-1.TRAJ52.TRAC;TGTGCTACGGAGACTGGTGGTACTAGCTATGGAAAGCTGACATTT;TGTGCTTTCATGATAGCCCTCCTGGGAAAATGTACTAGCTATGGAAAGCTGACATTT_TRBV7-9.TRBD1.TRBJ1-1.TRBC1;TGTGCCAGCAGCTCAGGGACAGGGATTTGGACTGAAGCTTTCTTT","CP003_2m_001A;CP003_2m_001B","2;5;7",7,7,1.94867787360035
"TRAV38-1.TRAJ52.TRAC;TGTGCTTTCATGATTGCTGGTGGTACTAGCTATGGAAAGCTGACATTT_TRBV30.NA.TRBJ1-1.TRBC1;TGTGCCTGGAAGACAGGGGGGAGGAACACTGAAGCTTTCTTT","CP003_2m_001A;CP003_2m_001B","10;7;8",4,7,1.47286599857103
"TRAV8-1.TRAJ33.TRAC;TGTGCCGCCTCCATGGATAGCAACTATCAGTTAATCTGG_TRBV14.NA.TRBJ1-2.TRBC1;TGTGCCAGCAGCCAGTATCTAGCAGACTATGGCTACACCTTC","CP003_2m_001A;CP003_2m_001B","5;7",6,6,1.34387926105348
"TRAV29/DV5.TRAJ28.TRAC;TGTGCAGCACTGCACACTGGGGCTGGGAGTTACCAACTCACTTTC_TRBV4-1.NA.TRBJ1-3.TRBC1;TGCGCCAGCAGCCTATTCAGGGTACTACTACCTGGAAACACCATATATTTT","CP003_2m_001A;CP003_2m_001B","10;4;7",5,6,1.58768124748048
"TRAV29/DV5.TRAJ33.TRAC;TGTGCAGCAAGCCCGGATAGCAACTATCAGTTAATCTGG_TRBV14.NA.TRBJ1-2.TRBC1;TGTGCCAGCAGCCGGGGACAGTCCAGCTGGGGCAACTATGGCTACACCTTC","CP003_2m_001A;CP003_2m_001B","5;7",5,6,1.76084682653768
"TRAV21.TRAJ36.TRAC;TGTGCTGTTGAAACTGGGGCAAACAACCTCTTCTTT_TRBV2.NA.TRBJ1-2.TRBC1;TGTGCCAGCAGTGAACTGGGTAGGAGTGCCGTGATGAACACTAACTATGGCTACACCTTC","CP003_2m_001A;CP003_2m_001B","5;7",3,6,2.25841372369722
"TRAV29/DV5.TRAJ42.TRAC;TGTGCAGCAAGGAGAAGCCAAGGAAATCTCATCTTT_TRBV28.TRBD1.TRBJ1-2.TRBC1;TGTGCCATCCATGGACAGGGAGTAGGCTATGGCTACACCTTC","CP003_2m_001A;CP003_2m_001B","10;7",3,6,1.56012795517125
"TRAV38-1.TRAJ45.TRAC;TGTGCTTTCATGAAGCCAGTGCAGTATTCAGGAGGAGGTGCTGACGGACTCACCTTT_TRBV2.NA.TRBJ2-1.TRBC2;TGTGCCAGCAGTGAGTGGGATTGGGGGAATGAGCAGTTCTTC","CP003_2m_001A;CP003_2m_001B","3",2,6,0.779865294089201
"TRAV12-2.TRAJ37.TRAC;TGTGCCGTGAACCCTCGCAACACAGGCAAACTAATCTTT_TRBV3-1.NA.TRBJ2-7.TRBC2;TGTGCCAGCAGTGGGGACTACGAGCAGTACTTC","CP003_2m_001B","7",1,6,2.3272597726968
"TRAV9-2.TRAJ54.TRAC;TGTGCTCTGATTCCTTCGGAGGGAGCCCAGAAGCTGGTATTT_TRBV2.TRBD1.TRBJ2-7.TRBC2;TGTGCCACTCAACCCGACAGGGGGTCCGTCTACGAGCAGTACTTC","CP003_2m_001A;CP003_2m_001B","10;7",9,5,1.57787702787273
"TRAV4.TRAJ27.TRAC;TGCCTCGTGGCCCCCAACACCAATGCAGGCAAATCAACCTTT_TRBV20-1.NA.TRBJ1-2.TRBC1;TGCAGTGCTAGGGGCCAGGGAGTTGGCTACACCTTC","CP003_101m_004","3;7",4,5,1.43594323424681
"NA;NA_TRBV7-6.TRBD1.TRBJ2-6.TRBC2;TGTATCTCTGTGTCCCACCCCCTACCGGGACAGGGTACAAGCTCTGGGGCCAACGTCCTGACTTTC","CP003_2m_001A;CP003_2m_001B","6;7",3,5,1.55393349000788
"TRAV8-1.TRAJ15.TRAC;TGTGCCCTCCTGGCAGGAACTGCTCTGATCTTT_TRBV29-1.NA.TRBJ1-1.TRBC1;TGCAGCGCCGCCTCCCTGAACACTGAAGCTTTCTTT","CP003_2m_001A;CP003_2m_001B","3",2,5,1.17994365360238
"TRAV8-6.TRAJ23.TRAC;TGTGCTGTGGTGATTTATAACCAGGGAGGAAAGCTTATCTTC_TRBV9.NA.TRBJ2-7.TRBC2;TGTGCCAGCAGCGTAGGGCAAGTCGGATTGGGGGAGCAGTACTTC","CP003_2m_001A;CP003_2m_001B","7",2,5,1.91699626432216
"TRAV1-1.TRAJ10.TRAC;TGCGCTGTTACGGGAGGAGGAAACAAACTCACCTTT_TRBV2.TRBD2.TRBJ2-7.TRBC2;TGTGCCAGCAGTGACTCCGACAGGTTCCCCGGACTAGCGGGGCGGGGACGTGGCGAGCAGTACTTC","CP003_2m_001A;CP003_2m_001B","2;5;7",5,4,1.65036823297629
"TRAV35.TRAJ34.TRAC;TGTGCTGGCCTAAACACCGACAAGCTCATCTTT_TRBV2.TRBD1.TRBJ1-1.TRBC1;TGTGCCAGCAGGGGACAGGCGAACACTGAAGCTTTCTTT","CP003_2m_001A;CP003_2m_001B","3;5;7",4,4,2.03435000556759
"TRAV8-3.TRAJ28.TRAC;TGTGCTGTGGGCGCCCCGTCGGTGGCTGGGAGTTACCAACTCACTTTC_TRBV6-6.NA.TRBJ2-7.TRBC2;TGTGCCAGCAGTCCCGACAACGGCATCTACGAGCAGTACTTC","CP003_2m_001A;CP003_2m_001B","2;5",4,4,0.975730191458159
"TRAV1-1.TRAJ6.TRAC;TRAV3.TRAJ6.TRAC;TGCGCTGTGAGAGATCGCCGGGCATCAGGAGGAAGCTACATACCTACATTT;TGTGCTGTGAGAGATTATTCATCAGGAGGAAGCTACATACCTACATTT_TRBV4-2.NA.TRBJ2-7.TRBC2;TGTGCCAGCAGCCTTTCCGGGACTAGCAATTCCAACGAGCAGTACTTC","CP003_2m_001A","2;7",3,4,1.99423238646509
"TRAV22.TRAJ54.TRAC;TGTGCTGTGCGTCCTCAGGGAGCCCAGAAGCTGGTATTT_TRBV2.NA.TRBJ1-5.TRBC1;TGTGCCAGCAGCGAGCTCTCCGGGCTCGGACAGCCCCAGCATTTT","CP003_2m_001B","5",2,4,0.967310803532523
"TRAV41.TRAJ45.TRAC;TRAV38-1.TRAJ42.TRAC;TGTGCTGTCTCTCCCCAGGGCGCTGACGGACTCACCTTT;TGTGCTTTCATGAAGAGGCATTATGGAGGAAGCCAAGGAAATCTCATCTTT_TRBV19.NA.TRBJ2-7.TRBC2;TGTGCCAGTAGTAACACCTACGAGCAGTACTTC","CP003_2m_001A","3",1,4,0.607642176825518
"TRAV8-3.TRAJ13.TRAC;TGTGCTGTGGGTGCCCCGGGGGGTTACCAGAAAGTTACCTTT_TRBV5-6.NA.TRBJ2-1.TRBC2;TGTGCCAGCAGCTGGGGAAGTTACAATGAGCAGTTCTTC","CP003_2m_001A","7",1,4,2.75027966088383
"NA;NA_TRBV14.NA.TRBJ1-4.TRBC1;TGTGCCAGCAGCCGTTTTCAGGGGGCGAGTGAAAAACTGTTTTTT","CP003_2m_001A;CP003_2m_001B","2;5",4,3,1.69018555022291
"NA;NA_TRBV6-6.NA.TRBJ1-2.TRBC1;TGTGCCAGCAGCTACAGGGACAACTATGGCTACACCTTC","CP003_2m_001B","3;8",3,3,0.997188279302757
"TRAV1-1.TRAJ36.TRAC;TGCGCCTGGGGCGGGCAAACTGGGGCAAACAACCTCTTCTTT_TRBV20-1.NA.TRBJ2-7.TRBC2;TRBV24-1.NA.TRBJ2-3.TRBC2;TGCAGTGCTAGAGATCTAGGGAGGGAGCCCTACGAGCAGTACTTC;TGTACTATTTCTAGGCAGTATTTT","CP003_2m_001A","5",3,3,1.38346454356866
"TRAV26-2.TRAJ43.TRAC;TGCATCTCTTTTGCGGTCCACAATGACATGCGCTTT_TRBV7-9.NA.TRBJ1-1.TRBC1;TGTGCCAGCAGCTTAGTATGGCAGACTACTGAAGCTTTCTTT","CP003_2m_001A;CP003_2m_001B","3;7",3,3,0.963012617224422
"NA;NA_TRBV28.NA.TRBJ1-5.TRBC1;TGTGCCAGCAGTTTGGGGGGGGCGCGGCAGCCCCAGCATTTT","CP003_2m_001B","0",2,3,1.3259710120809
"TRAV1-2.TRAJ21.TRAC;TGTGCTGTGAGAGATAGGAACAACTTCAACAAATTTTACTTT_TRBV15.NA.TRBJ2-7.TRBC2;TGTGCCACCAGCAGAGATATGAGCGAGCAGTACTTC","CP003_2m_001B","5",2,3,0.580749042348988
"TRAV16.TRAJ39.TRAC;TGTGCTCTAAGTGGTAATGCAGGCAACATGCTCACCTTT_TRBV9.NA.TRBJ2-2.TRBC2;TGTGCCAGCAGCGTAGCGGACACCGGGGAGCTGTTTTTT","CP003_2m_001A","2;5",2,3,1.11011668853325
"TRAV8-3.TRAJ28.TRAC;TGTGCTGTGGGTGCTCCCTCTGGGGCTGGGAGTTACCAACTCACTTTC_TRBV4-1.NA.TRBJ1-1.TRBC1;TGCGCCAGCAGCCAAGCCTCAGGGGACTATGAAGCTTTCTTT","CP003_2m_001B","7",2,3,2.24810760170164
"TRAV1-2.TRAJ23.TRAC;TGTGCTGTTGTATATAACCAGGGAGGAAAGCTTATCTTC_TRBV10-2.NA.TRBJ1-2.TRBC1;TGCGCCAGCAGCCCACCGGGCGGTAACTATGGCTACACCTTC","CP003_2m_001B","7",1,3,2.29416855654669
"TRAV10.TRAJ6.TRAC;TGTGTGGCCCTAGATTCATCAGGAGGAAGCTACATACCTACATTT_TRBV19.NA.TRBJ1-2.TRBC1;TRBV30.NA.TRBJ2-3.TRBC2;TGTGCCGGTCTCCTAACCGGGACCTTAAATGGCTACACCTTC;TGTGCCTGGATAGCGGGGGCCCCCACAGATACGCAGTATTTT","CP003_2m_001B","4",1,3,0.607921511545942
"TRAV26-1.TRAJ35.TRAC;TRAV8-4.TRAJ54.TRAC;TGCATCGTCGTAATAGGCTTTGGGAATGTGCTGCATTGC;TGTGCTGTGGCTGGAGGGGGAGCCCAGAAGCTGGTATTT_TRBV19.NA.TRBJ1-3.TRBC1;TGTGCCAGTAGTATTAAAAGCACCCTAGTGGGCTCTGGAAACACCATATATTTT","CP003_101m_003","3",1,3,0.813624809151576
"TRAV30.TRAJ28.TRAC;TRAV21.TRAJ54.TRAC;TGCGGCACAGTAGTCTCTGGGGCTGGGAGTTACCAACTCACTTTC;TGTGCTGTGAAGAGGTTTCAGGGAGCCCAGAAGCTGGTATTT_TRBV27.NA.TRBJ2-7.TRBC2;TGTGCCAGCGCAATTCGAGGACTAGCGGGGTCCTACGAGCAGTACTTC","CP003_2m_001B","4",1,3,0.617408487371519
"TRAV35.TRAJ47.TRAC;TGTGCTGGGCGGAGAGGAATAGAATATGGAAACAAACTGGTCTTT_TRBV18.NA.TRBJ2-3.TRBC2;TGTGCCAGCTCACCTCCGAGCGGGGGAGATACGCAGTATTTT","CP003_2m_001A","5",1,3,0.94901160846369
"TRAV8-1.TRAJ9.TRAC;TGTGCCGTGAAGGATACTGGAGGCTTCAAAACTATCTTT_TRBV4-1.NA.TRBJ2-3.TRBC2;TGCGCCAGCAGCCCCGAGGGGGATACGCAGTATTTT","CP003_101m_003","5",1,3,1.74498493286182
"TRAV8-4.TRAJ52.TRAC;TGTGCTGTGAGTGGATGGGCTGGTGGTACTAGCTATGGAAAGCTGACATTT_TRBV3-1.NA.TRBJ1-4.TRBC1;TGTGCCAGCAGCCAAGGGGGGAAAAAACTGTTTTTT","CP003_101m_003","10",1,3,0.87147486217089
"TRAV29/DV5.TRAJ42.TRAC;TGTGCAGCAACCTCGCTGGGAGGAAGCCAAGGAAATCTCATCTTT_TRBV30.NA.TRBJ1-4.TRBC1;TGTGCCTGGGGGAGGAAGGGGAGAAAAAAACTGTTTTTT","CP003_2m_001A;CP003_2m_001B","3;7",4,2,1.35345029161957
"NA;NA_TRBV2.NA.TRBJ2-7.TRBC2;TGTGCCAGCGGTGGAGACCCAGGTGGCTCGGGGACTCACTACGAGCAGTACTTC","CP003_2m_001A","5;7",2,2,1.73750650376591
"NA;NA_TRBV24-1.TRBD1.TRBJ2-1.TRBC2;TGTGCCACCAGTGAGCCCAACAGGGGGCCTGAGGATGAGCAGTTCTTC","CP003_2m_001B","2;5",2,2,1.76974727071627
"TRAV14/DV4.TRAJ15.TRAC;TGTGCAATGGAGAACCAGGCAGGAACTGCTCTGATCTTT_TRBV28.NA.TRBJ1-5.TRBC1;TGTGCCAGCAGTTTAGGGATCGGCAGGACCACTGGGGATCAGCCCCAGCATTTT","CP003_2m_001B","3",2,2,1.13980148237276
"TRAV2.TRAJ32.TRAC;TRAV12-1.TRAJ6.TRAC;TGTGCTGACATTAATTATGGTGGTGCTACAAACAAGCTCATCTTT;TGTGTGGTGAACATCGACACAGGAGGAAGCTACATACCTACATTT_TRBV7-6.NA.TRBJ2-3.TRBC2;TGTGCCAGCAGCCCACAGGGAGGCGATACGCAGTATTTT","CP003_101m_003","7",2,2,1.77095266220779
"TRAV25.TRAJ49.TRAC;TGTGCAGGGAGGGACACCGGTAACCAGTTCTATTTT_TRBV5-5.NA.TRBJ2-1.TRBC2;TGTGCCAGCAGCTTGGGTGTGGGAAAAATTTACAATGAGCAGTTCTTC","CP003_101m_003","5;7",2,2,1.4237749028678
"TRAV38-2/DV8.TRAJ48.TRAC;TGTGCCTTATTTAACTTTGGAAATGAGAAATTAACCTTT_TRBV10-3.TRBD1.TRBJ2-7.TRBC2;TGTGCCATCAGTGATAGGGGGACAGGGTTCTACGAGCAGTACTTC","CP003_2m_001B","5;7",2,2,1.66063833250311
"TRAV8-3.TRAJ13.TRAC;TGTGCTGTGGGTGCGCCTAATTCTGGGGGTTACCAGAAAGTTACCTTT_TRBV6-1.NA.TRBJ1-1.TRBC1;TGTGCCAGCAGTGAATTAGGGAGGTCGGGTGAAGCTTTCTTT","CP003_101m_003","3;7",2,2,0.999107488571405
"TRAV8-3.TRAJ28.TRAC;TGTGCTGTGGGTGCCCCTCACTCTGGGGCTGGGAGTTACCAACTCACTTTC_TRBV4-1.NA.TRBJ2-7.TRBC2;TGCGCCAGCAGCCACCTCCTTTCTAGCGGGGACCTCTACGAGCAGTACTTC","CP003_2m_001A","3;5",2,2,0.897598690673565
"NA;NA_TRBV10-3.NA.TRBJ2-6.TRBC2;TGTGCCATCAGTGTTTCGGAAGGAGCTGACTCTGGGGCCAACGTCCTGACTTTC","CP003_2m_001B","7",1,2,2.47667151805852
"NA;NA_TRBV7-2.TRBD2.TRBJ2-5.TRBC2;TGTGCCAGCAGCTCAGGACTAGCGGAAGAGACCCAGTACTTC","CP003_2m_001B","6",1,2,0.536331490716191
"NA;NA_TRBV7-3.NA.TRBJ2-2.TRBC2;TGTGCCAGCAGCTCCTATGCCTACACTAACACCGGGGAGCTGTTTTTT","CP003_101m_004","7",1,2,1.74148146321647
"TRAV12-2.TRAJ26.TRAC;TGTGCCGCACTCCCCTCCTATGGTCAGAATTTTGTCTTT_TRBV6-5.TRBD1.TRBJ2-3.TRBC2;TGTGCCAGCAGACCGACTCCGGGACAGGGAATGGATACGCAGTATTTT","CP003_2m_001B","4",1,2,0.739863895873657
"TRAV12-3.TRAJ39.TRAC;TGTGCAATGAGCGGGAATAATGCAGGCAACATGCTCACCTTT_TRBV27.NA.TRBJ2-7.TRBC2;TGTGCCAGCAGTTATGGAGGAAGTTACGAGCAGTACTTC","CP003_2m_001A","7",1,2,1.76736712805293
"TRAV13-1.TRAJ20.TRAC;TGTGCAGCCTCTAACGACTACAAGCTCAGCTTT_TRBV30.NA.TRBJ1-1.TRBC1;TGTGCCTGGAGAATGGGAAACACTGAAGCTTTCTTT","CP003_2m_001B","10",1,2,0.802754117573661
"TRAV19.TRAJ16.TRAC;TGTGCTCTGAGCGCTATCCTTTCAGATGGCCAGAAGCTGCTCTTT_TRBV28.NA.TRBJ2-4.TRBC2;TGTGCCAGCAGTTTCCCAGGAGCGAGAGACATTCAGTACTTC","CP003_2m_001A","3",1,2,1.57399705655845
"TRAV2.TRAJ39.TRAC;TGTGCTGTGGAGGATCATAATGCAGGCAACATGCTCACCTTT_TRBV5-1.NA.TRBJ2-5.TRBC2;TGCGCCAGCAGCTTGAATCCCCAAGGGACGGAGACCCAGTACTTC","CP003_101m_004","7",1,2,0.549275330929546
"TRAV24.TRAJ35.TRAC;TGTGCCTTTAGTTTTGGGAGCGGCTTTGGGAATGTGCTGCATTGC_TRBV5-4.NA.TRBJ1-6.TRBC1;TGTGCCAGCAGCTTGGGCGGCAGGAATTCACCCCTCCACTTT","CP003_101m_004","10",1,2,0.688578695108987
"TRAV25.TRAJ20.TRAC;TGTGCAGGGCCTAACGACTACAAGCTCAGCTTT_TRBV30.NA.TRBJ1-5.TRBC1;TGTGCCTGGAGTAAGGACCCCAATCAGCCCCAGCATTTT","CP003_101m_004","7",1,2,1.36137503889501
"TRAV27.TRAJ43.TRAC;TGTGCAGGAGGGTACAATGACATGCGCTTT_TRBV30.TRBD1.TRBJ2-2.TRBC2;TGTGCCTGGAGTGGGACAGGGGGCAGCGGGGAGCTGTTTTTT","CP003_2m_001B","5",1,2,1.73938774506873
"TRAV35.TRAJ57.TRAC;TGTGCTGGTCCCACAACTCAGGGCGGATCTGAAAAGCTGGTCTTT_TRBV12-3.NA.TRBJ2-1.TRBC2;TGTGCCAGCAGTTACGGACTAGCGAGCTACAAGTTCTTC","CP003_2m_001A","3",1,2,0.672052314204172
"TRAV8-1.TRAJ9.TRAC;TGTGCCGTGAAGACGGGAGGCTTCAAAACTATCTTT_TRBV7-3.NA.TRBJ1-1.TRBC1;TGTGCCAGCAGCTTTGGAGGGGACAGGGGGAGGGTCACTGAAGCTTTCTTT","CP003_2m_001B","7",1,2,1.78526665469359
"TRAV8-3.TRAJ28.TRAC;TGTGCTGTGGGTGCCCCCTCTGGGGCTGGGAGTTACCAACTCACTTTC_TRBV3-1.TRBD1.TRBJ1-4.TRBC1;TGTGCCAGCAGCCGGGACAGCGGGGAAAAACTGTTTTTT","CP003_2m_001B","7",1,2,1.50440291861214
