"CTstrict","All_Samples","CP003_clone_status","Tara_n_samples","Tara_Clusters","Tara_n_cells","Tara_max_clonalFreq","Tara_pct_S","Tara_pct_G2M","Tara_pct_G1","Tara_mean_S_Score","Tara_mean_G2M_Score","Tara_Epitope_ED0","Tara_Epitope_ED1","Tara_Epitope_ED2","Tara_Species_ED0","Tara_Species_ED1","Tara_Species_ED2","CP003_Clusters","CP003_n_cells","CP003_max_clonalFreq","CP003_Phase_breakdown","CP003_pct_S","CP003_pct_G2M","CP003_pct_G1","CP003_mean_S_Score","CP003_mean_G2M_Score","CP003_Epitope_ED0","CP003_Epitope_ED1","CP003_Epitope_ED2","CP003_Species_ED0","CP003_Species_ED1","CP003_Species_ED2","HIV_Predicted","NonHIV_Predicted","NonHIV_Species"
"TRAV19.TRAJ39.TRAC;TGTGCTCTGAGTGTTTACCCCATTAATAATGCAGGCAACATGCTCACCTTT_TRBV2.NA.TRBJ2-2.TRBC2;TGTGCCAGCAGCCCATTTATACTAGCGGGGGCCGGGGAGCTGTTTTTT","CP003_2m_001A;CP003_2m_001B;CP003_entry;CP003_V12;CP003_V24","HIV-Specific Match",3,"NK_resting;NK-T_CD64+;CTL;NK-like_CD8+ T_PD1+",110,94,39.1,44.5,16.4,0.0077,0.0121,"","","","","","","9",9,7,"G1;G2M;S",33.3,11.1,55.6,-0.0167,-0.0843,"","","","","","",FALSE,FALSE,NA
"TRAV19.TRAJ48.TRAC;TGTGCTCTGAGTGAGGCGGGGATATCTAACTTTGGAAATGAGAAATTAACCTTT_TRBV14.TRBD1.TRBJ2-7.TRBC2;TGTGCCAGCAGCCAAGATCAAAGGGACAGGGGGCTGAACGAGCAGTACTTC","CP003_2m_001A;CP003_2m_001B;CP003_entry;CP003_V12;CP003_V24","HIV-Specific Match",3,"NK_resting;CTL;NK-like_CD8+ T_PD1+",49,20,36.7,44.9,18.4,-5e-04,0.0175,"","","","","","","9",2,1,"G1",0,0,100,-0.0748,-0.0806,"","","","","","",FALSE,FALSE,NA
"NA;NA_TRBV2.NA.TRBJ2-2.TRBC2;TGTGCCAGCAGCCCATTTATACTAGCGGGGGCCGGGGAGCTGTTTTTT","CP003_2m_001A;CP003_2m_001B;CP003_entry;CP003_V12;CP003_V24","HIV-Specific Match",3,"NK_resting;NK_activated;CTL;NK-like_CD8+ T_CCR6+",32,18,31.2,43.8,25,5e-04,0.003,"","","","","","","9",2,1,"G1;S",50,0,50,-0.0083,-0.0408,"","","","","","",FALSE,FALSE,NA
"TRAV24.TRAJ43.TRAC;TGTGCCTTTATGGGGTACAATAACAATGACATGCGCTTT_TRBV28.NA.TRBJ2-2.TRBC2;TGTGCCAGCAGTCAAAGGGGAACCGGGGAGCTGTTTTTT","CP003_2m_001B;CP003_entry;CP003_V24","HIV-Specific Match",2,"NK_resting;CTL",10,8,50,30,20,0.0476,0.0203,"","Nef","Nef","","HIV","HIV","9",1,1,"G2M",0,100,0,-0.065,0.0394,"","","","","","M.tuberculosis",TRUE,TRUE,"M.tuberculosis"
"NA;NA_TRBV28.NA.TRBJ2-2.TRBC2;TGTGCCAGCAGTCAAAGGGGAACCGGGGAGCTGTTTTTT","CP003_2m_001B;CP003_entry;CP003_V12;CP003_V24","HIV-Specific Match",3,"NK_resting;CTL",9,4,77.8,0,22.2,0.0372,-0.0252,"","Nef","Nef","","HIV","HIV","9",1,1,"S",100,0,0,0.0341,-0.0801,"","","","","","M.tuberculosis",TRUE,TRUE,"M.tuberculosis"
"TRAV38-1.TRAJ52.TRAC;TGTGCTTTCCCCACTAATGCTGGTGGTACTAGCTATGGAAAGCTGACATTT_TRBV7-2.TRBD2.TRBJ2-3.TRBC2;TGTGCCAGCAGCCCGGGACTAGCGGGGGCCCCTAGCACAGATACGCAGTATTTT","CP003_2m_001A;CP003_2m_001B;CP003_entry;CP003_V12;CP003_V24","HIV-Specific Match",3,"NK_resting;CTL;NK-like_CD8+ T_PD1+",7,5,28.6,42.9,28.6,-0.0089,0.0138,"","","","","","","9",7,5,"G1;S",14.3,0,85.7,-0.043,-0.0893,"","","","","","",FALSE,FALSE,NA
"TRAV12-1.TRAJ6.TRAC;TGTGCGGTGAACTACCGGGGAGGAAGCTACATACCTACATTT_TRBV10-2.TRBD2.TRBJ2-1.TRBC2;TGCGCCAGCAGTGTAGGGACTAGCGGGGGGCACAATGAGCAGTTCTTC","CP003_101m_003;CP003_V24","HIV-Specific Match",1,"CTL",2,2,50,50,0,0.0393,0.0223,"","","","","","","2;4;9",5,5,"G1",0,0,100,-0.0958,-0.1386,"","","","","","",FALSE,FALSE,NA
"TRAV19.TRAJ30.TRAC;TGTGCTCTGAGTGAGGCGATCTTCCCCATTATTATGAACAGAGATGACAAGATCATCTTT_TRBV10-3.NA.TRBJ1-1.TRBC1;TGTGCCTCGTTAGCGGACAGGGAAGGGATCAACACTGAAGCTTTCTTT","CP003_101m_003;CP003_V24","HIV-Specific Match",1,"CTL",1,1,0,100,0,-0.0301,0.0669,"","","","","","","9",2,2,"G1",0,0,100,-0.0557,-0.0809,"","","","","","",FALSE,FALSE,NA
"TRAV24.TRAJ43.TRAC;TGTGCCTTTATGGGGTACAATAACAATGACATGCGCTTT_TRBV28.NA.TRBJ2-2.TRBC2;TGTGCCAGCAGTGTACGGGGCACCGGGGAGCTGTTTTTT","CP003_2m_001B;CP003_V24","HIV-Specific Match",1,"CTL",1,1,100,0,0,0.0416,-0.0104,"","Nef","Nef","","HIV","HIV","7",1,1,"G2M",0,100,0,0.5516,0.6721,"","","","","","M.tuberculosis",TRUE,TRUE,"M.tuberculosis"
